Activity,Sequence
"Antibacterial, Antifungal, anticancer, wound healing, Anti-Gram+, Anti-Gram-, Antimicrobial",FIHHIIGGLFSAGKAIHRLIRRRRR
"Antimicrobial, Antibacterial, Anti-Gram-, Anticancer",IGKEFKRIVQRIKDFLRNLVPRTES
"Antimicrobial, Antibacterial, Anti-Gram-, Anticancer",FKRIVQRIKDFLRNLV
"Antimicrobial, Antibacterial, Anti-Gram-, Anticancer",GLKKLLGKLLKKLGKLLLK
"Antimicrobial, Anticancer",IKLSPETKDNLKKVLKGAIKGAIAVAKMV
Anticancer,GLFAVIKKVASVIKGL
Anticancer,IKLSKKTKKNLKKVLKGAIKGAIAVAKMV
"Antimicrobial, Antibacterial, Anti-Gram+, Anti-Gram-, Anticancer",IKLSKETKDNLKKVLKGAIKGAIAVAKMV
"Antimicrobial, Antibacterial, Anti-Gram+, Anti-Gram-, Anticancer",IKLSPETKKNLKKVLKGAIKGAIAVAKMV
"Antimicrobial, Antibacterial, Anti-Gram+, Anti-Gram-, Anticancer",IKLSKETKKNLKKVLKGAIKGAIAVAKMV
"Antimicrobial, Antibacterial, Anti-Gram+, Anti-Gram-, Anti-cancer",GIPCGESCVFIPCITAAIGCSCKSKVCYRN
"Antimicrobial, Antibacterial, Anti-Gram+, Anti-Gram-, Anti-cancer",GIPCGESCVFIPCITGAIGCSCKSKVCYRN
"Antimicrobial, Antibacterial, Anti-Gram+, Anti-Gram-, Anti-cancer",AWKLFDDGV
"Antimicrobial, Antibacterial, Anti-Gram+, Anti-Gram-, Anti Mammalian cells, Anti-cancer",LKLKSIVSWAKKVL
"Antimicrobial, Antibacterial, Anti-Gram+, Anti-Gram-, Anti-cancer",GLFDIIKKIAESF
"Antimicrobial, Anti-cancer, Anti-Gram+",GLLDIVKKVVGAFGSL
"Antimicrobial, Antibacterial, Anti-Gram+, Anti-cancer",GLFDIVKKVVGAFGSL
"Antimicrobial, Antibacterial, Anti-Gram+, Anti-cancer",GLFDIAKKVIGVIGSL
"Antimicrobial, Antibacterial, Anti-Gram+, Anti-cancer",GLFDIVKKIAGHIAGSI
"Antimicrobial, Antibacterial, Anti-Gram+, Anti-cancer",GLFDIVKKIAGHIASSI
"Antimicrobial, Antibacterial, Anti-Gram+, Anti-Gram-, Anti-cancer",GLFDIVKKIAGHIVSSI
"Antimicrobial, Antibacterial, Anti-Gram+, Anti-cancer",GLMSSIGKALGGLIVDVLKPKTPAS
"Antimicrobial, Antibacterial, Anti-Gram+, Anti-Gram-, Anti-cancer",LLGDFFRKSKEKIGKEFKRIVQRIKDFLRNLVPRTES
"Antimicrobial, Antibacterial, Anti-Gram+, Anti-Gram-, Antiparasitic, Anti-cancer",FVQWFSKFLGRIL
"Antimicrobial, Antibacterial, Anti-Gram+, Anti-Gram-, Antifungal, Antiviral, Anti-cancer",GIGTKILGGVKTALKGALKELASTYAN
"Antimicrobial, Antibacterial, Anti-Gram+, Anti-Gram-, Anti-cancer",AVPDVAFNAYG
Anti-cancer,CHTNGGYCVRAICPPSARRPGSCFPEKNPCCKYM
"Antimicrobial, Antibacterial, Anti-Gram+, Anti-cancer",GFGSKPLDSFGLNFF
Anti-cancer,GFGSKPIDSFGLSWL
"Antimicrobial, Antibacterial, Anti-Gram+, Anti-Gram-, Anti-cancer",FLSLIPSLVGGSISAFK
"Antimicrobial, Antibacterial, Anti-Gram+, Antifungal, Anti-cancer",FLGMIPGLIGGLISAFK
"Antimicrobial, Antibacterial, Anti-Gram+, Anti-Gram-, Antiviral, Anti-HIV, Anti-cancer",KWCFRVCYRGICYRRCR
"Antibacterial, Anti-cancer, Antimicrobial",MRKEFHNVLSSGQLLADKRPARDYNRK
"Anti-cancer, Cytotoxic",DYPKLTFTTS
"Anti-cancer, Cytotoxic",DETXTDEEFN
"Antimicrobial, Antifungal, Antiviral, Anti-cancer",ITCPQVTQSLAPCVPYLISG
"Antimicrobial, Antibacterial, Anti-Gram+, Anti-Gram-, Anti-cancer",GDACGETCFTGICFTAGCSCNPWPTCTRN
"Antimicrobial, Antibacterial, Anti-Gram+, Anti-Gram-, Anti-cancer",GIPCAESCVWIPPCTITALMGCSCKNNVCYNN
"Antimicrobial, Antibacterial, Anti-Gram+, Anti-Gram-, Anti-cancer",GASCGETCFTGICFTAGCSCNPWPTCTRN
"Antimicrobial, Antibacterial, Anti-Gram+, Anti-Gram-, Anti-cancer",GEYCGESCYLIPCFTPGCYCVSRQCVNKN
"Antimicrobial, Anti-HIV, Anti-cancer",GIACGESCVFLGCFIPGCSCKSKVCYFN
Anti-cancer,KLCGETCFKFKCYTPGCSCSYPFCK
Anti-cancer,GVIPCGESCVFIPCISSVLGCSCKNKVCYRD
Anti-cancer,GIPCGESCVFIPCLTSAIDCSCKSKVCYRN
Anti-cancer,GSIPCEGSCVFIPCISAIIGCSCSNKVCYKN
Anti-cancer,GSIPCGESCVFIPCISAIIGCSCSSKVCYKN
Anti-cancer,GSIPCGESCVFIPCISAVIGCSCSNKVCYKN
Anti-cancer,GIPCGESCVFIPCISSVIGCSCSSKVCYRN
Anti-cancer,GSIPCGESCVFIPCISSVIGCACKSKVCYKN
Anti-cancer,GLPVCGETCVGGTCNTPGCGCSWPVCTRN
Anti-cancer,GLPVCGETCVGGTCNTPGCACSWPVCTRN
Anti-cancer,GLPVCGETCVGGTCNTPGCSCSWPVCTRN
Anti-cancer,GLPVCGETCFGGTCNTPGCSCDPWPMCSRN
Anti-cancer,GVPICGETCVGGTCNTPGCSCSWPVCTRN
Anti-cancer,GLPICGETCVGGSCNTPGCSCSWPVCTRN
"Anti-cancer, Antiviral",GLPICGETCVGGTCNTPGCSCSWPVCTRN
Anti-cancer,GVPICGETCTLGTCYTAGCSCSWPVCTRN
Anti-cancer,GVPVCGETCFGGTCNTPGCSCDPWPVCSRN
Anti-cancer,GLPVCGETCFGGTCNTPGCSCETWPVCSRN
"Antimicrobial, Antibacterial, Anti-Gram+, Anti-Gram-, Anti-cancer",GEFLKCGESCVQGECYTPGCSCDWPICKKN
"Antimicrobial, Antibacterial, Anti-Gram+, Anti-Gram-, Anti-cancer",GLPTCGETCTLGTCYVPDCSCSWPICMKN
"Anti-cancer, Cytotoxic",PGLGFY
"Antimicrobial, Antibacterial, Anti-Gram+, Anti-cancer",GLFDIVKKVVGALGSL
"Antimicrobial, Antibacterial, Anti-Gram+, Anti-cancer",GLFDIVKKVVGAIGSL
"Antimicrobial, Antibacterial, Anti-Gram+, Anti-cancer",GLFDIVKKVVGTLAGL
"Antimicrobial, Antibacterial, Anti-cancer",GLFDIVKKIAGHIA
"Antimicrobial, Antibacterial, Anti-cancer",FDIVKKIAGHIAGSI
"Antimicrobial, Antibacterial, Anti-cancer",FDIVKKIAGHIVSSI
"Antimicrobial, Antibacterial, Anti-Gram+, Anti-Gram-, Anti-cancer",ACSAG
"Antimicrobial, Antibacterial, Anti-cancer",KLKNFAIGVAQSLLNKASCKLSGQC
"Antimicrobial, Antibacterial, Anti-Gram+, Anti-Gram-, Antifungal, Antiviral, Anti-cancer",SIGAKILGGVKTFFKGALKELASTYLQ
"Antimicrobial, Antibacterial, Anti-Gram+, Anti-Gram-, Antifungal, Antiviral, Anti-cancer",GIGGVLLSAGKAALKGLAKVLAEKYAN
"Antimicrobial, Antibacterial, Anti-Gram+, Anti-Gram-, Antifungal, Antiviral, Anti-cancer",GIGGKILSGLKTALKGAAKELASTYLH
"Anti-cancer, Antiplasmodial",LCPLDVLQLSSELLDIDGNEVEASRILSDITAFGGIRCPLTVVQSRGIGTIISSPYRFIAEGHPLSLKDMDGWFRVSDDEFNNYK
"Antimicrobial, Antibacterial, Anti-Gram+, Anti-Gram-, Anti-cancer",VNWKKVLGKIIKVAK
"Antimicrobial, Antibacterial, Anti-Gram+, Anti-Gram-, Anti-cancer",VNWKKILGKIIKVAK
"Antimicrobial, Antibacterial, Anti-Gram+, Anti-Gram-, Anti-cancer",VNWKKILGKIIKVVK
"Antimicrobial, Antibacterial, Anti-Gram+, Anti-cancer",GFGSKPLDSFGLNFF
Anti-cancer,FVDLKKIANIINSIFKK
Anti-cancer,FKDLKKIANIINSIFKK
Anti-cancer,FVKLKKIANIINSIFKK
Anti-cancer,FKKLKKIANIINSIFKK
Anti-cancer,FVKLKKILNIINSIFKK
Anti-cancer,FVKLKKILNIILSIFKK
"Defense response, Anti-cancer, Protein kinase inhibitor activity",FIGSALKVLAGVLPSIVSWVKQ
"Anti-cancer, Cytotoxic",LKCNKLVPLFYKTCPAGKNL
"Antimicrobial, Antibacterial, Anti-Gram+, Anti-cancer",RWKIFKKIEKMGRNIRDGIVKAGPAIEVLGSAKAIGK
"Antimicrobial, Antibacterial, Anti-Gram+, Anti-Gram-, Anti-cancer",FKRIVQRIKDFLR
Anti-Cancer,KWKSFLKTFKSLKKTVLHTLLkAISS
Anti-Cancer,KWKSFLkTFKSLKkTVLHTLLKAISS
Anti-Cancer,KWKSFLKTFKSLKkTVLHTLLkAISS
Anti-Cancer,KWKSFLkTFKSLKkTVLHTLLkAISS
Anti-Cancer,KWKSFLkTFkSLKkTVLHTLLkAISS
Anti-Cancer,KWKSFLkTFkSLKkTVLHTLLkAISS
Anti-Cancer,KWkSFLkTFkSLKkTVLHTLLkAISS
Anti-Cancer,kWkSFLkTFkSLKkTVLHTLLkAISS
Anti-Cancer,KWKSFLKTFKSLKKTVLHTLLKAISS
Anti-Cancer,KWKSFLKTFKSLKKTVLHTLLKAISS
Anti-Cancer,KWKSFLKTFKSLKKTVLHTLLKAISS
Anti-Cancer,KWKSFlKTFKSlKKTVLHTLLKAISS
Anti-Cancer,KWKSFLKTFKSlKKTVLHTlLKAISS
Anti-Cancer,KWKSFlKTFKSlKKTVLHTlLKAISS
Anti-Cancer,KWKSFlKTFKSlKKTVlHTlLKAISS
Anti-Cancer,KWKSFlKTFKSlKKTVlHTllKAISS
"Antimicrobial, Antibacterial, Anti-Gram+, Anitifungal, Anti-cancer, Anti-Gram-",FLPIVAKLLSGLL
Anti-Cancer,RWKIFKKIERVGQNVRDGIIKAGPAIQVLGTAKALGK
Anti-Cancer,RWKIFKKIERVGQNVRDGIIKAGKAIQVLGTAKALGK
"Antimicrobial, Antibacterial,Anti-Gram+, Anti-Gram-,Anti-cancer",GPKTKAACKMACKLATCGKKPGGWKCKLCELGCDAV
"Antimicrobial, Antibacterial,Anti-Gram+, Anti-Gram-,Anti-cancer",GIKEMLCNMACAQTVCKKSGGPLCDTCQAACKALG
"Antimicrobial, Antibacterial,Anti-Gram+, Anti-Gram-, Anti-cancer, Antifungal",GFKDLLKGAAKALVKAVLF
"Antimicrobial, Antibacterial,Anti-Gram+, Anti-Gram-, Anti-cancer, Antifungal",KFFKRLLKSVRRAVKKFRKKPRLIGLSTLL
"Antimicrobial, Antibacterial,Anti-Gram+, Anti-Gram-, Anti-cancer,Antifungal",LNLKALLAVAKKIL
"Antimicrobial, Antibacterial,Anti-Gram+, Anti-Gram-, Anti-cancer,Antifungal",CLNLKALLAVAKKILC
"Antimicrobial, Antibacterial,Anti-Gram+, Anti-Gram-, Anti-cancer,Antifungal",RKKRRQRRRLNLKALLAVAKKIL
"Antimicrobial, Antibacterial, Antifungal, Antitumor",GLICESCRKIIQKLEDMVGPQPNEDTVTQAASRVCDKMKILRGVCKKIMRTFLRRISKDILTGKKPQAICVDIKICKE
"Antimicrobial, Antibacterial, Anti-Gram+, Anti-Gram-, Antifungal, Antitumor",ZCRRLCYKQRCVTYCRGR
"Antimicrobial, Antibacterial, Anti-Gram+, Anti-Gram-, Antitumor",KWKLFKKIPKFLHLAKKF
"Antimicrobial, Antibacterial, Anti-Gram+, Anti-Gram-, Antitumor",KWKLFKKILKFLHLAKKF
"Antimicrobial, Antibacterial, Anti-Gram+, Anti-Gram-, Antitumor",KWKLFKKISKFLHLAKKF
"Antimicrobial, Antibacterial, Anti-Gram+, Anti-Gram-, Antitumor",WKLFKKIPKFLHLAKKF
"Antimicrobial, Antibacterial, Anti-Gram+, Anti-Gram-, Antitumor",FKLFKKIPKFLHLAKKF
"Antimicrobial, Antibacterial, Anti-Gram+, Anti-Gram-, Antitumor",KWFKKIPKFLHLAKKF
"Antimicrobial, Antibacterial, Anti-Gram+, Anti-Gram-, Antitumor",WFKKIPKFLHLAKKF
"Antimicrobial, Antibacterial, Anti-Gram+, Anti-Gram-, Antitumor",WKKIPKFLHLAKKF
"Antimicrobial, Antibacterial, Anti-Gram+, Anti-Gram-, Antitumor",KWFKKIPKFLHLLKKF
"Antimicrobial, Antibacterial, Anti-Gram+, Anti-Gram-, Antitumor",WFKKIPKFLHLLKKF
"Antimicrobial, Antibacterial, Anti-Gram+, Anti-Gram-, Antitumor",WKKIPKFLHLLKKF
"Antimicrobial, Antibacterial, Anti-Gram+, Anti-Gram-, Antitumor",KWKLFKKIPFLHLAKKF
"Antimicrobial, Antibacterial, Anti-Gram+, Anti-Gram-, Antitumor",KWKLFKKIPKFLHLAKK
"Antimicrobial, Antibacterial, Anti-Gram+, Anti-Gram-, Antitumor",KWKLFKKIPLHLAKKF
"Antimicrobial, Antibacterial, Anti-Gram+, Anti-Gram-, Antitumor",KWKLFKKIPKFLHLAK
"Antimicrobial, Antibacterial, Anti-Gram+, Anti-Gram-, Antitumor",KWKLFKKIPHLAKKF
"Antimicrobial, Antibacterial, Anti-Gram+, Anti-Gram-, Antitumor",KWKLFKKIPKFLHLA
"Antimicrobial, Antibacterial, Anti-Gram+, Anti-Gram-, Antitumor",KWKLFKKIPLAKKF
"Antimicrobial, Antibacterial, Anti-Gram+, Anti-Gram-, Antitumor",KWKLFKKIPKFLHL
"Antimicrobial, Antibacterial, Anti-Gram+, Anti-Gram-, Antitumor",KWKLFKKIPLKKF
"Antimicrobial, Antibacterial, Anti-Gram+, Anti-Gram-, Antitumor",KWKLFKKIPKFLH
"Antimicrobial, Antibacterial, Anti-Gram+, Antiparasitic, Antitumor",ADDKNPLEECFRETDYEEFLEIARNGLKATSNPKRVV
"Antimicrobial, Antibacterial, Antitumor, Antiparasitic",ADDINPKEECFFEDDYYEFE
"Antimicrobial, Antibacterial, Antitumor, Antiparasitic",ADDKNPLEECFCEDDDYCEG
"Antimicrobial, Antibacterial, Antitumor, Antiparasitic",ADDKNPLEECFREDDYEEFLEIAKNGLKKTSNPKHIVYPVKPSEQLYEESLRDQLPTSMHRYPSMIQKIFFAGEYTANAHGWIDSTIK
"Antimicrobial, Antibacterial, Antitumor, Antiparasitic",ADDRNPLEEFRENNYEEFL
"Antimicrobial, Antiparasitic, Antiviral, Antitumor",HGVSGHGQHGVHG
Antitumor,DAINSPVTCCYTLTSKKISMQRLMSYRRVTSSKCPKEAVIFKTIAGKEICAEPKXXWVQDSISHLDKKNQXPKP
Antitumor,QPVGINTSTTCCYRFINKKIPKQRLESYRRTTSSHCPREAVIFKTKLDKEICADPTQKWV
"Antimicrobial, Antitumor, Antibacterial, Antiparasitic",ADPRNPLEECFRETD
Antitumor,QDRPKFCYLPADPAECNAYMPRFYYDSASNKCKEFIYGGCRGNANNFKNRAECRHTCVAS
"Antimicrobial, Antibacterial, Anti-Gram+, Anti-Gram-, Antifungal, Antitumor",GCRRLCYKQRCVTYCRGR
"Antimicrobial, Antibacterial, Anti-Gram+, Anti-Gram-, Antitumor",GCRRLCWKQRCVTYCRGR
"Antimicrobial, Antibacterial, Anti-Gram+, Anti-Gram-, Antitumor",GCRRLCYKQRCVTWCRGR
"Antimicrobial, Antibacterial, Anti-Gram+, Anti-Gram-, Antitumor",GCRRLCYRQRCVTYCRGR
"Antimicrobial, Antibacterial, Anti-Gram+, Anti-Gram-, Antifungal, Antitumor",GCRRLCWRQRCVTWCRGR
"Antimicrobial, Antibacterial, Anti-Gram+, Anti-Gram-, Antifungal, Antitumor",GCRALCYKQRCVTYCRGA
"Antimicrobial, Antibacterial, Anti-Gram+, Anti-Gram-, Antifungal, Antitumor",KCRRLCYRQRCVTYCRGR
"Antimicrobial, Antibacterial, Anti-Gram+, Anti-Gram-, Antifungal, Antitumor",GURRLUYKQRUVTYURGR
"Antimicrobial, Antibacterial, Anti-Gram+, Anti-Gram-, Antitumor",GCRRWCYKQRCVTYCRGR
"Antimicrobial, Antibacterial, Anti-Gram+, Anti-Gram-, Antifungal, Antitumor",GCRRLCYKQRCVTYCRGpPR
"Antimicrobial, Antibacterial, Anti-Gram+, Anti-Gram-, Antifungal, Antitumor",KCRRYCYRQRCVTYCRGR
"Antimicrobial, Antibacterial, Anti-Gram+, Anti-Gram-, Antifungal, Antitumor",KURRYUYRQRUVTYURGR
"Antimicrobial, Antibacterial, Anti-Gram+, Anti-Gram-, Antifungal, Antitumor",KILRGVCKKIMRTFLRRISKDILTGKK
"Antimicrobial, Antibacterial, Anti-Gram+, Anti-Gram-, Antifungal, Antitumor",KILRGVCKKIMRPFLRRISKDILTGKK
"Antimicrobial, Antibacterial, Anti-Gram+, Anti-Gram-, Antifungal, Antitumor",KILPGVCKKIMRPFLRRISKDILTGKK
"Antimicrobial, Antifungal, Antitumor",INWLKIAKKVKGML
