alpha,n_samples,sequences,mean_charge,std_charge,mean_hydro,std_hydro,mean_moment,std_moment,mean_length,std_length
0.0,5,GIGNFLHEGKKAIKSV|FLPLIGKILSGLL|GFGSKLIEGMKSAI|GLMSLLGKALGGLISLL|YFGPYADAYGLQGGKFAWKKHKHHKWKHKSPLYV,2.3,2.0938003725283845,0.5189746283128637,1.09255712987724,1.3928589954943473,0.5681025132673886,18.8,7.730459236035076
0.125,5,GWVSSLGKKLLEGVANVL|GFGRALNFIQKMVKG|GLLKSLGKVLGGLLANVLKPKP|GWGKLFKSIASVVKK|GFGSLLKVALGGIPTAIKQQQHK,3.02,1.0961751684835777,0.2904927536231884,0.24310075288951813,1.5445807855545834,0.31464568138232096,18.6,3.3823069050575527
0.25,5,GLFALIPKIISSPLFKKL|GLFGIIKKIAEKF|GFSGLAHLAKHVGKFFSHMIRKKSQ|GILDLLKKLKEAIKAALAIALKAIR|GWGCSILDKLNCASMCAAEHFSGKFEDGHCSKLLRCICY,2.9,1.7366634676873929,0.4816205128205128,0.4826701903605835,1.1784383554195499,0.7080273732281124,24.0,8.763560920082657
0.375,5,GWLSVLSLVGKFYAKFGKQKLRL|GFGCPFNQGQCHKHCQSIRRRGGYCDGFLKTRCVCYS|GLFSLIKKAISAF|GFGCALNQGACHNHCRSIRRRGGYCAGIFKQTCKCY|GLKDILKYGGKAFAGGMQSVIHDIIRKKC,4.5,1.417039166713468,0.09186610263821657,0.6438096411949102,0.9185673732328761,0.43849733253509304,27.6,8.890444308357146
0.5,5,GLFKLIKKVASAIGKL|GLVSLIKKVASALGDKL|GLWQFIKKKFSDAAKSVV|GLSSFIKKVWSAV|GIGSFLGKAQEKFKDSFGS,2.4,1.019803902718557,0.4125433965759043,0.5126179733713117,1.6532934606829919,0.2751912724328521,16.6,2.0591260281974
0.625,5,GLFSGIKGAAKDLAGHLLGKIAEKF|SFGSCPFNIGCSCHNHCKSFSKFKGSCDGFVKKTCHCY|GIGTFLQHYQCSASCRSIGANGGRCKGDLKCICVIV|GLVSLIKDTFKDAAKGIVTGIVSAL|GILSLFKLGLKKVASTLLEQ,2.5,1.1189280584559491,0.4103485380116959,0.39701314877589045,0.8889970002744751,0.35387131450639264,28.8,6.968500556073738
0.75,5,GLVSLLGKALRFVGATYAEHKQQ|GFGCPINQGACHRHCQSIRRRGGYCDGFLSTRCVCYS|SIGTGSTAFGVAYEAQCRALLKRRFGFDSNSCVKHCPKRLQTGFKSDCFFQY|GFGCPLNQGQCHKHCQSISSSGGYCDGFLSTRCVCYR|AIGTFLKQIQCVAKCGFWSAWRCNGECKYELPSMV,3.12,1.2828094168659658,-0.14080015753928798,0.2199386970357667,0.5782631204995307,0.36208317985971844,36.8,9.21737489744233
0.875,5,GILSTLQQFVQCRIKCRALCMSQGRKAKCSSFLSCCKQHHKR|GFGCPFNQGQCHKSCQSISSSGGYCAGFLKTRCTCYS|GFGCPFNQYQCHSHCRGIRGYKGGYCKGSLKLTCICV|GFGCPFNQGACHRHCRSIGRKAGYCAGFLKQTCTCHSR|GFGCPFNQGACHRHCRSIGRRGGYCAGFLKTRCYCYHS,6.0200000000000005,1.9732207175072936,-0.3296877328456277,0.11701036344966005,0.49027794641037364,0.17757750912450326,38.4,1.854723699099141
1.0,5,GILSTLRKYWISAALGFGKAGICLCRKKECEDHCSLKLKKC|GILSALQFFGLNICISAGKTGTWFTCTCDHCKINK|ALTLIAGETTTSFCTTSGCTWKACSFTHVSK|GFGCPLNQGACHNHCRSIGRAGGYCSGVLKTRCVCYRS|GTCRCSSQSSKIDSQCLWTSCSGLCTKYKSGSKAISRCPNFKG,4.1,2.0890189084831183,0.014619014372151629,0.3430729070069949,0.48056054148625876,0.15594962357568642,37.6,4.2708313008125245
